label,split,field,n_total,n_nonmissing,missing_rate,mean,p25,p50,p75,min,max
__ALL__,train,year,12140,12140,0.0,2013.8576606260297,2010.0,2017.0,2022.0,1975.0,2026.0
__ALL__,train,year_released,12140,12140,0.0,2013.8576606260297,2010.0,2017.0,2022.0,1975.0,2026.0
__ALL__,train,current_value_new_eur,12140,11509,0.051976935749588137,10.424807541923713,2.53,4.58,9.26,0.0,6133.01
__ALL__,train,current_value_used_eur,12140,11373,0.06317957166392092,6.450988305636155,1.61,2.79,5.68,0.0,2191.5
__ALL__,val,year,2591,2591,0.0,2014.0200694712466,2010.0,2017.0,2022.0,1975.0,2026.0
__ALL__,val,year_released,2591,2591,0.0,2014.0200694712466,2010.0,2017.0,2022.0,1975.0,2026.0
__ALL__,val,current_value_new_eur,2591,2444,0.0567348514087225,11.793837970540098,2.49,4.51,9.1025,0.03,5146.87
__ALL__,val,current_value_used_eur,2591,2442,0.05750675414897723,6.358894348894349,1.57,2.66,5.4375,0.03,1285.61
__ALL__,test,year,2631,2631,0.0,2013.5792474344355,2009.0,2017.0,2022.0,1975.0,2026.0
__ALL__,test,year_released,2631,2631,0.0,2013.5792474344355,2009.0,2017.0,2022.0,1975.0,2026.0
__ALL__,test,current_value_new_eur,2631,2470,0.06119346256176359,9.166295546558704,2.52,4.75,9.86,0.01,293.0
__ALL__,test,current_value_used_eur,2631,2452,0.06803496769289244,6.072202283849919,1.6,2.77,5.8125,0.1,302.33
Belville,train,year,81,81,0.0,2000.851851851852,1998.0,2001.0,2004.0,1994.0,2008.0
Belville,train,year_released,81,81,0.0,2000.851851851852,1998.0,2001.0,2004.0,1994.0,2008.0
Belville,train,current_value_new_eur,81,21,0.7407407407407407,10.110952380952382,4.55,6.4,11.04,1.64,30.96
Belville,train,current_value_used_eur,81,21,0.7407407407407407,3.3104761904761904,2.28,2.91,4.66,0.35,7.92
Belville,val,year,17,17,0.0,1999.764705882353,1997.0,2000.0,2003.0,1994.0,2005.0
Belville,val,year_released,17,17,0.0,1999.764705882353,1997.0,2000.0,2003.0,1994.0,2005.0
Belville,val,current_value_new_eur,17,2,0.8823529411764706,5.375,4.2825,5.375,6.4675,3.19,7.56
Belville,val,current_value_used_eur,17,2,0.8823529411764706,2.9050000000000002,2.2525000000000004,2.9050000000000002,3.5574999999999997,1.6,4.21
Belville,test,year,18,18,0.0,1999.0,1997.0,1998.0,1999.75,1994.0,2008.0
Belville,test,year_released,18,18,0.0,1999.0,1997.0,1998.0,1999.75,1994.0,2008.0
Belville,test,current_value_new_eur,18,4,0.7777777777777778,10.2,5.4375,9.395,14.157499999999999,5.25,16.76
Belville,test,current_value_used_eur,18,4,0.7777777777777778,3.235,2.96,3.4050000000000002,3.6799999999999997,1.79,4.34
BrickLink Designer Program,train,year,184,184,0.0,2023.5271739130435,2023.0,2024.0,2025.0,2019.0,2025.0
BrickLink Designer Program,train,year_released,184,184,0.0,2023.5271739130435,2023.0,2024.0,2025.0,2019.0,2025.0
BrickLink Designer Program,train,current_value_new_eur,184,138,0.25,5.102753623188406,3.9074999999999998,4.9399999999999995,5.9725,1.34,15.17
BrickLink Designer Program,train,current_value_used_eur,184,90,0.5108695652173914,3.941111111111111,2.8274999999999997,4.01,4.67,0.0,11.59
BrickLink Designer Program,val,year,39,39,0.0,2023.3333333333333,2022.5,2024.0,2025.0,2019.0,2025.0
BrickLink Designer Program,val,year_released,39,39,0.0,2023.3333333333333,2022.5,2024.0,2025.0,2019.0,2025.0
BrickLink Designer Program,val,current_value_new_eur,39,29,0.2564102564102564,5.467931034482758,4.21,5.4,6.31,3.0,9.0
BrickLink Designer Program,val,current_value_used_eur,39,18,0.5384615384615384,4.108333333333333,2.51,3.655,4.835,1.42,9.95
BrickLink Designer Program,test,year,41,41,0.0,2023.878048780488,2023.0,2024.0,2025.0,2019.0,2025.0
BrickLink Designer Program,test,year_released,41,41,0.0,2023.878048780488,2023.0,2024.0,2025.0,2019.0,2025.0
BrickLink Designer Program,test,current_value_new_eur,41,32,0.21951219512195122,4.5025,4.005,4.74,5.1225,0.01,7.46
BrickLink Designer Program,test,current_value_used_eur,41,17,0.5853658536585366,3.1705882352941175,2.53,3.16,3.63,1.56,4.92
Castle,train,year,380,380,0.0,2002.121052631579,1992.0,2006.0,2010.0,1978.0,2025.0
Castle,train,year_released,380,380,0.0,2002.121052631579,1992.0,2006.0,2010.0,1978.0,2025.0
Castle,train,current_value_new_eur,380,376,0.010526315789473684,15.739787234042552,8.377500000000001,11.8,17.490000000000002,0.94,237.8
Castle,train,current_value_used_eur,380,379,0.002631578947368421,9.086200527704486,4.82,6.13,9.74,0.58,99.68
Castle,val,year,81,81,0.0,2003.5555555555557,1995.0,2007.0,2009.0,1978.0,2025.0
Castle,val,year_released,81,81,0.0,2003.5555555555557,1995.0,2007.0,2009.0,1978.0,2025.0
Castle,val,current_value_new_eur,81,79,0.024691358024691357,16.639240506329113,8.504999999999999,12.16,17.07,3.51,107.1
Castle,val,current_value_used_eur,81,81,0.0,10.058024691358025,4.79,5.88,10.47,0.35,75.86
Castle,test,year,82,82,0.0,2002.4146341463415,1992.0,2006.0,2010.75,1978.0,2025.0
Castle,test,year_released,82,82,0.0,2002.4146341463415,1992.0,2006.0,2010.75,1978.0,2025.0
Castle,test,current_value_new_eur,82,79,0.036585365853658534,16.488227848101264,7.835,12.21,20.49,3.35,56.72
Castle,test,current_value_used_eur,82,82,0.0,10.88109756097561,5.2575,7.4,12.580000000000002,2.97,40.14
Collectible Minifigures,train,year,562,562,0.0,2016.9804270462635,2014.0,2017.0,2020.0,2010.0,2025.0
Collectible Minifigures,train,year_released,562,562,0.0,2016.9804270462635,2014.0,2017.0,2020.0,2010.0,2025.0
Collectible Minifigures,train,current_value_new_eur,562,562,0.0,7.095355871886121,4.0425,5.45,8.0775,0.72,36.17
Collectible Minifigures,train,current_value_used_eur,562,562,0.0,4.544768683274021,2.5625,3.385,4.99,0.33,84.68
Collectible Minifigures,val,year,120,120,0.0,2017.1583333333333,2013.0,2017.0,2020.0,2010.0,2025.0
Collectible Minifigures,val,year_released,120,120,0.0,2017.1583333333333,2013.0,2017.0,2020.0,2010.0,2025.0
Collectible Minifigures,val,current_value_new_eur,120,120,0.0,49.88491666666666,3.77,5.105,8.32,1.97,5146.87
Collectible Minifigures,val,current_value_used_eur,120,120,0.0,15.266083333333333,2.4175,3.175,4.985,1.32,1285.61
Collectible Minifigures,test,year,122,122,0.0,2016.827868852459,2013.0,2016.0,2020.0,2010.0,2025.0
Collectible Minifigures,test,year_released,122,122,0.0,2016.827868852459,2013.0,2016.0,2020.0,2010.0,2025.0
Collectible Minifigures,test,current_value_new_eur,122,122,0.0,7.41016393442623,3.8674999999999997,5.505,8.84,1.99,42.91
Collectible Minifigures,test,current_value_used_eur,122,122,0.0,4.439590163934426,2.6625,3.4299999999999997,4.890000000000001,1.56,22.45
DREAMZzz,train,year,78,78,0.0,2024.1666666666667,2023.0,2024.0,2025.0,2023.0,2026.0
DREAMZzz,train,year_released,78,78,0.0,2024.1666666666667,2023.0,2024.0,2025.0,2023.0,2026.0
DREAMZzz,train,current_value_new_eur,78,74,0.05128205128205128,5.321891891891892,2.655,4.045,5.99,1.27,21.15
DREAMZzz,train,current_value_used_eur,78,57,0.2692307692307692,3.5901754385964915,2.01,3.02,4.25,0.99,10.41
DREAMZzz,val,year,16,16,0.0,2024.25,2024.0,2024.0,2025.0,2023.0,2026.0
DREAMZzz,val,year_released,16,16,0.0,2024.25,2024.0,2024.0,2025.0,2023.0,2026.0
DREAMZzz,val,current_value_new_eur,16,16,0.0,6.8325,2.725,4.03,6.6325,1.8,30.73
DREAMZzz,val,current_value_used_eur,16,13,0.1875,4.00076923076923,2.12,2.3,3.37,0.83,21.33
DREAMZzz,test,year,18,18,0.0,2024.5,2024.0,2025.0,2025.0,2023.0,2026.0
DREAMZzz,test,year_released,18,18,0.0,2024.5,2024.0,2025.0,2025.0,2023.0,2026.0
DREAMZzz,test,current_value_new_eur,18,17,0.05555555555555555,7.068235294117647,2.72,4.07,8.5,1.83,28.57
DREAMZzz,test,current_value_used_eur,18,12,0.3333333333333333,3.9525,2.515,2.925,4.3774999999999995,1.29,9.25
DUPLO,train,year,690,690,0.0,2005.5057971014494,1996.0,2005.0,2017.0,1976.0,2025.0
DUPLO,train,year_released,690,690,0.0,2005.5057971014494,1996.0,2005.0,2017.0,1976.0,2025.0
DUPLO,train,current_value_new_eur,690,437,0.36666666666666664,3.97370709382151,1.89,2.74,4.37,0.3,47.99
DUPLO,train,current_value_used_eur,690,644,0.06666666666666667,2.8500155279503105,1.01,1.67,3.12,0.03,33.72
DUPLO,val,year,148,148,0.0,2004.1486486486488,1994.0,2004.0,2016.0,1976.0,2025.0
DUPLO,val,year_released,148,148,0.0,2004.1486486486488,1994.0,2004.0,2016.0,1976.0,2025.0
DUPLO,val,current_value_new_eur,148,85,0.42567567567567566,3.578941176470588,1.69,2.53,3.99,0.16,21.57
DUPLO,val,current_value_used_eur,148,142,0.04054054054054054,2.262605633802817,0.9524999999999999,1.5750000000000002,2.4375,0.03,29.5
DUPLO,test,year,149,149,0.0,2006.5704697986578,1996.0,2007.0,2016.0,1976.0,2025.0
DUPLO,test,year_released,149,149,0.0,2006.5704697986578,1996.0,2007.0,2016.0,1976.0,2025.0
DUPLO,test,current_value_new_eur,149,91,0.38926174496644295,4.874065934065935,1.895,2.83,5.34,0.73,40.08
DUPLO,test,current_value_used_eur,149,125,0.1610738255033557,3.8223200000000004,1.02,1.67,3.69,0.3,98.78
Disney,train,year,262,262,0.0,2021.0114503816794,2020.0,2021.5,2023.0,2000.0,2026.0
Disney,train,year_released,262,262,0.0,2021.0114503816794,2020.0,2021.5,2023.0,2000.0,2026.0
Disney,train,current_value_new_eur,262,261,0.003816793893129771,6.578314176245211,2.98,4.63,7.46,0.44,64.17
Disney,train,current_value_used_eur,262,237,0.09541984732824428,6.886666666666667,2.17,3.94,5.95,0.35,469.48
Disney,val,year,56,56,0.0,2021.1785714285713,2020.0,2022.0,2024.0,2000.0,2025.0
Disney,val,year_released,56,56,0.0,2021.1785714285713,2020.0,2022.0,2024.0,2000.0,2025.0
Disney,val,current_value_new_eur,56,56,0.0,6.6033928571428575,3.6399999999999997,5.15,8.817499999999999,1.01,20.2
Disney,val,current_value_used_eur,56,51,0.08928571428571429,5.587843137254902,2.54,4.8,6.775,0.72,21.09
Disney,test,year,57,57,0.0,2021.5263157894738,2019.0,2023.0,2024.0,2014.0,2025.0
Disney,test,year_released,57,57,0.0,2021.5263157894738,2019.0,2023.0,2024.0,2014.0,2025.0
Disney,test,current_value_new_eur,57,57,0.0,7.46561403508772,3.66,4.84,6.96,1.45,54.85
Disney,test,current_value_used_eur,57,50,0.12280701754385964,6.6636,2.8499999999999996,3.67,5.205,0.9,46.36
Friends,train,year,620,620,0.0,2020.2387096774194,2017.0,2021.0,2023.0,2012.0,2026.0
Friends,train,year_released,620,620,0.0,2020.2387096774194,2017.0,2021.0,2023.0,2012.0,2026.0
Friends,train,current_value_new_eur,620,611,0.014516129032258065,2.150785597381342,1.455,1.84,2.465,0.42,21.58
Friends,train,current_value_used_eur,620,565,0.08870967741935484,1.574566371681416,1.16,1.36,1.73,0.38,6.37
Friends,val,year,133,133,0.0,2020.3007518796992,2018.0,2021.0,2023.0,2012.0,2026.0
Friends,val,year_released,133,133,0.0,2020.3007518796992,2018.0,2021.0,2023.0,2012.0,2026.0
Friends,val,current_value_new_eur,133,132,0.007518796992481203,2.2290151515151515,1.4725,1.81,2.295,0.64,12.26
Friends,val,current_value_used_eur,133,122,0.08270676691729323,1.6817213114754097,1.1925,1.4449999999999998,1.8425000000000002,0.68,7.84
Friends,test,year,134,134,0.0,2020.0820895522388,2017.0,2021.0,2023.75,2012.0,2026.0
Friends,test,year_released,134,134,0.0,2020.0820895522388,2017.0,2021.0,2023.75,2012.0,2026.0
Friends,test,current_value_new_eur,134,131,0.022388059701492536,2.241832061068702,1.59,2.05,2.6550000000000002,0.3,7.69
Friends,test,current_value_used_eur,134,118,0.11940298507462686,1.553898305084746,1.1549999999999998,1.4,1.62,0.61,5.72
Games,train,year,84,84,0.0,2010.9880952380952,2010.0,2011.0,2012.0,2009.0,2013.0
Games,train,year_released,84,84,0.0,2010.9880952380952,2010.0,2011.0,2012.0,2009.0,2013.0
Games,train,current_value_new_eur,84,83,0.011904761904761904,3.0281927710843375,0.755,1.41,3.455,0.19,17.78
Games,train,current_value_used_eur,84,83,0.011904761904761904,2.0759036144578316,0.345,0.78,1.805,0.13,21.45
Games,val,year,18,18,0.0,2011.7222222222222,2010.25,2012.0,2013.0,2010.0,2013.0
Games,val,year_released,18,18,0.0,2011.7222222222222,2010.25,2012.0,2013.0,2010.0,2013.0
Games,val,current_value_new_eur,18,18,0.0,4.5761111111111115,0.9675,1.495,4.8125,0.22,25.14
Games,val,current_value_used_eur,18,18,0.0,3.102777777777778,0.4925,1.17,3.3525,0.19,17.92
Games,test,year,19,19,0.0,2010.4736842105262,2010.0,2010.0,2011.0,2009.0,2013.0
Games,test,year_released,19,19,0.0,2010.4736842105262,2010.0,2010.0,2011.0,2009.0,2013.0
Games,test,current_value_new_eur,19,19,0.0,1.236842105263158,0.435,0.83,1.51,0.17,5.19
Games,test,current_value_used_eur,19,19,0.0,2.9026315789473682,0.345,0.51,1.445,0.12,40.21
Harry Potter,train,year,445,445,0.0,2018.3078651685394,2018.0,2021.0,2023.0,2001.0,2026.0
Harry Potter,train,year_released,445,445,0.0,2018.3078651685394,2018.0,2021.0,2023.0,2001.0,2026.0
Harry Potter,train,current_value_new_eur,445,445,0.0,7.046269662921349,2.83,4.69,8.09,0.74,86.08
Harry Potter,train,current_value_used_eur,445,412,0.07415730337078652,5.005436893203883,2.0075,3.465,5.965,0.56,36.67
Harry Potter,val,year,95,95,0.0,2020.0,2019.0,2022.0,2024.0,2001.0,2026.0
Harry Potter,val,year_released,95,95,0.0,2020.0,2019.0,2022.0,2024.0,2001.0,2026.0
Harry Potter,val,current_value_new_eur,95,95,0.0,7.4835789473684216,2.6500000000000004,4.98,8.25,0.76,97.23
Harry Potter,val,current_value_used_eur,95,86,0.09473684210526316,4.662674418604651,1.9,3.13,5.19,0.56,32.74
Harry Potter,test,year,96,96,0.0,2018.5104166666667,2018.0,2021.0,2023.0,2001.0,2026.0
Harry Potter,test,year_released,96,96,0.0,2018.5104166666667,2018.0,2021.0,2023.0,2001.0,2026.0
Harry Potter,test,current_value_new_eur,96,96,0.0,6.611562500000001,2.5125,4.885,8.030000000000001,0.79,27.39
Harry Potter,test,current_value_used_eur,96,92,0.041666666666666664,4.670108695652174,1.8175000000000001,2.99,6.199999999999999,0.56,24.51
Holiday & Event,train,year,268,268,0.0,2019.205223880597,2016.0,2020.0,2022.0,2006.0,2026.0
Holiday & Event,train,year_released,268,268,0.0,2019.205223880597,2016.0,2020.0,2022.0,2006.0,2026.0
Holiday & Event,train,current_value_new_eur,268,255,0.048507462686567165,4.624862745098039,1.85,2.72,5.265000000000001,0.89,39.29
Holiday & Event,train,current_value_used_eur,268,237,0.11567164179104478,2.9045991561181435,1.39,1.91,3.37,0.4,21.74
Holiday & Event,val,year,57,57,0.0,2018.982456140351,2017.0,2020.0,2023.0,2009.0,2025.0
Holiday & Event,val,year_released,57,57,0.0,2018.982456140351,2017.0,2020.0,2023.0,2009.0,2025.0
Holiday & Event,val,current_value_new_eur,57,56,0.017543859649122806,4.950892857142857,1.9924999999999997,2.935,5.4,1.36,26.94
Holiday & Event,val,current_value_used_eur,57,55,0.03508771929824561,3.3530909090909087,1.48,2.34,3.635,0.59,18.43
Holiday & Event,test,year,58,58,0.0,2018.9827586206898,2017.0,2020.0,2023.0,1995.0,2025.0
Holiday & Event,test,year_released,58,58,0.0,2018.9827586206898,2017.0,2020.0,2023.0,1995.0,2025.0
Holiday & Event,test,current_value_new_eur,58,56,0.034482758620689655,2.6723214285714287,1.6574999999999998,1.995,3.2525,1.01,9.94
Holiday & Event,test,current_value_used_eur,58,55,0.05172413793103448,2.228727272727273,1.31,1.67,2.38,0.93,16.86
Jurassic World,train,year,96,96,0.0,2020.3854166666667,2018.0,2021.0,2022.25,2015.0,2025.0
Jurassic World,train,year_released,96,96,0.0,2020.3854166666667,2018.0,2021.0,2022.25,2015.0,2025.0
Jurassic World,train,current_value_new_eur,96,96,0.0,5.050833333333333,3.24,4.13,5.67,1.51,20.04
Jurassic World,train,current_value_used_eur,96,96,0.0,3.9562500000000003,2.085,2.73,4.0,1.15,32.48
Jurassic World,val,year,20,20,0.0,2020.85,2018.75,2021.5,2023.25,2015.0,2025.0
Jurassic World,val,year_released,20,20,0.0,2020.85,2018.75,2021.5,2023.25,2015.0,2025.0
Jurassic World,val,current_value_new_eur,20,19,0.05,6.29421052631579,3.415,4.05,5.6,2.49,32.87
Jurassic World,val,current_value_used_eur,20,19,0.05,4.348947368421053,2.115,2.64,3.105,1.64,24.4
Jurassic World,test,year,22,22,0.0,2020.090909090909,2018.0,2019.0,2022.75,2015.0,2025.0
Jurassic World,test,year_released,22,22,0.0,2020.090909090909,2018.0,2019.0,2022.75,2015.0,2025.0
Jurassic World,test,current_value_new_eur,22,22,0.0,4.867272727272727,3.5925,4.365,6.1,2.17,9.16
Jurassic World,test,current_value_used_eur,22,22,0.0,3.389090909090909,2.2925,2.795,4.2325,1.45,8.1
LEGENDS OF CHIMA,train,year,108,108,0.0,2014.0,2013.0,2014.0,2015.0,2013.0,2015.0
LEGENDS OF CHIMA,train,year_released,108,108,0.0,2014.0,2013.0,2014.0,2015.0,2013.0,2015.0
LEGENDS OF CHIMA,train,current_value_new_eur,108,108,0.0,5.971666666666666,3.2475,4.225,7.06,1.58,76.21
LEGENDS OF CHIMA,train,current_value_used_eur,108,108,0.0,3.6141666666666663,2.025,2.5149999999999997,4.22,1.09,35.79
LEGENDS OF CHIMA,val,year,23,23,0.0,2013.9565217391305,2013.5,2014.0,2014.0,2013.0,2015.0
LEGENDS OF CHIMA,val,year_released,23,23,0.0,2013.9565217391305,2013.5,2014.0,2014.0,2013.0,2015.0
LEGENDS OF CHIMA,val,current_value_new_eur,23,23,0.0,7.461304347826087,3.255,4.97,7.074999999999999,2.75,35.38
LEGENDS OF CHIMA,val,current_value_used_eur,23,23,0.0,3.785217391304348,1.91,2.52,5.095,1.43,17.7
LEGENDS OF CHIMA,test,year,24,24,0.0,2013.9166666666667,2013.0,2014.0,2014.25,2013.0,2015.0
LEGENDS OF CHIMA,test,year_released,24,24,0.0,2013.9166666666667,2013.0,2014.0,2014.25,2013.0,2015.0
LEGENDS OF CHIMA,test,current_value_new_eur,24,24,0.0,5.15125,3.4025,4.4350000000000005,6.5,2.15,12.71
LEGENDS OF CHIMA,test,current_value_used_eur,24,24,0.0,2.73625,1.8775,2.3,3.2199999999999998,1.26,5.53
LEGO Brand,train,year,113,113,0.0,2014.9646017699115,2012.0,2014.0,2018.0,2008.0,2023.0
LEGO Brand,train,year_released,113,113,0.0,2014.9646017699115,2012.0,2014.0,2018.0,2008.0,2023.0
LEGO Brand,train,current_value_new_eur,113,92,0.18584070796460178,12.150108695652174,2.3099999999999996,4.845000000000001,13.002500000000001,1.37,164.99
LEGO Brand,train,current_value_used_eur,113,96,0.1504424778761062,8.124895833333333,1.7850000000000001,2.8,5.967499999999999,0.8,118.15
LEGO Brand,val,year,24,24,0.0,2014.125,2012.0,2012.0,2016.5,2011.0,2025.0
LEGO Brand,val,year_released,24,24,0.0,2014.125,2012.0,2012.0,2016.5,2011.0,2025.0
LEGO Brand,val,current_value_new_eur,24,18,0.25,13.416111111111112,2.2425,3.915,31.4325,1.37,42.14
LEGO Brand,val,current_value_used_eur,24,16,0.3333333333333333,9.2125,1.5,2.38,6.949999999999999,0.97,63.22
LEGO Brand,test,year,25,25,0.0,2013.48,2012.0,2012.0,2016.0,2011.0,2021.0
LEGO Brand,test,year_released,25,25,0.0,2013.48,2012.0,2012.0,2016.0,2011.0,2021.0
LEGO Brand,test,current_value_new_eur,25,16,0.36,9.734375,2.425,4.43,8.3825,1.74,35.82
LEGO Brand,test,current_value_used_eur,25,20,0.2,12.197,1.6875,2.3099999999999996,6.8374999999999995,0.81,109.57
LEGO Ideas,train,year,190,190,0.0,2021.3894736842105,2019.25,2022.0,2024.0,2012.0,2025.0
LEGO Ideas,train,year_released,190,190,0.0,2021.3894736842105,2019.25,2022.0,2024.0,2012.0,2025.0
LEGO Ideas,train,current_value_new_eur,190,190,0.0,8.268157894736841,3.22,6.55,10.735,1.35,40.96
LEGO Ideas,train,current_value_used_eur,190,156,0.17894736842105263,6.734871794871795,2.5275,4.24,9.122499999999999,0.78,37.59
LEGO Ideas,val,year,40,40,0.0,2021.4,2019.0,2023.0,2024.0,2013.0,2025.0
LEGO Ideas,val,year_released,40,40,0.0,2021.4,2019.0,2023.0,2024.0,2013.0,2025.0
LEGO Ideas,val,current_value_new_eur,40,40,0.0,8.83075,3.4349999999999996,5.98,10.87,1.39,49.16
LEGO Ideas,val,current_value_used_eur,40,32,0.2,7.711875,2.895,5.380000000000001,9.7775,1.13,40.11
LEGO Ideas,test,year,42,42,0.0,2022.404761904762,2022.0,2022.0,2024.0,2015.0,2025.0
LEGO Ideas,test,year_released,42,42,0.0,2022.404761904762,2022.0,2022.0,2024.0,2015.0,2025.0
LEGO Ideas,test,current_value_new_eur,42,42,0.0,6.881428571428571,2.8449999999999998,4.17,10.5,1.71,19.47
LEGO Ideas,test,current_value_used_eur,42,29,0.30952380952380953,5.86448275862069,1.96,3.65,9.51,0.96,15.25
Minecraft,train,year,177,177,0.0,2021.5254237288136,2019.0,2022.0,2025.0,2012.0,2026.0
Minecraft,train,year_released,177,177,0.0,2021.5254237288136,2019.0,2022.0,2025.0,2012.0,2026.0
Minecraft,train,current_value_new_eur,177,173,0.022598870056497175,4.530635838150289,2.43,3.68,5.6,0.72,40.34
Minecraft,train,current_value_used_eur,177,154,0.12994350282485875,3.2805844155844155,1.94,2.505,3.5975,0.57,22.56
Minecraft,val,year,37,37,0.0,2020.8108108108108,2017.0,2022.0,2024.0,2014.0,2026.0
Minecraft,val,year_released,37,37,0.0,2020.8108108108108,2017.0,2022.0,2024.0,2014.0,2026.0
Minecraft,val,current_value_new_eur,37,36,0.02702702702702703,7.11361111111111,2.52,3.835,5.7924999999999995,1.41,110.6
Minecraft,val,current_value_used_eur,37,35,0.05405405405405406,4.9557142857142855,1.79,2.76,3.9850000000000003,0.84,72.05
Minecraft,test,year,39,39,0.0,2020.6923076923076,2016.5,2022.0,2024.0,2013.0,2026.0
Minecraft,test,year_released,39,39,0.0,2020.6923076923076,2016.5,2022.0,2024.0,2013.0,2026.0
Minecraft,test,current_value_new_eur,39,36,0.07692307692307693,5.961388888888889,2.3049999999999997,3.645,6.255,0.83,47.75
Minecraft,test,current_value_used_eur,39,35,0.10256410256410256,3.5654285714285714,1.625,2.29,4.404999999999999,0.63,21.45
Monkie Kid,train,year,125,125,0.0,2022.376,2021.0,2022.0,2024.0,2020.0,2025.0
Monkie Kid,train,year_released,125,125,0.0,2022.376,2021.0,2022.0,2024.0,2020.0,2025.0
Monkie Kid,train,current_value_new_eur,125,125,0.0,7.57056,3.77,5.1,10.44,1.74,38.48
Monkie Kid,train,current_value_used_eur,125,95,0.24,6.332526315789474,3.08,4.65,8.58,0.77,34.43
Monkie Kid,val,year,27,27,0.0,2021.9259259259259,2021.0,2021.0,2024.0,2020.0,2025.0
Monkie Kid,val,year_released,27,27,0.0,2021.9259259259259,2021.0,2021.0,2024.0,2020.0,2025.0
Monkie Kid,val,current_value_new_eur,27,27,0.0,6.606296296296296,4.005,5.54,6.92,2.53,18.62
Monkie Kid,val,current_value_used_eur,27,19,0.2962962962962963,4.9526315789473685,3.035,3.96,5.965,1.49,16.82
Monkie Kid,test,year,28,28,0.0,2021.8214285714287,2020.75,2022.0,2023.0,2020.0,2024.0
Monkie Kid,test,year_released,28,28,0.0,2021.8214285714287,2020.75,2022.0,2023.0,2020.0,2024.0
Monkie Kid,test,current_value_new_eur,28,28,0.0,8.250714285714286,3.8825000000000003,6.8100000000000005,10.9925,1.96,31.55
Monkie Kid,test,current_value_used_eur,28,24,0.14285714285714285,7.67875,2.5949999999999998,6.234999999999999,9.1525,0.72,29.6
NEXO KNIGHTS,train,year,104,104,0.0,2016.7307692307693,2016.0,2017.0,2017.0,2016.0,2018.0
NEXO KNIGHTS,train,year_released,104,104,0.0,2016.7307692307693,2016.0,2017.0,2017.0,2016.0,2018.0
NEXO KNIGHTS,train,current_value_new_eur,104,104,0.0,9.805673076923076,3.6775,5.37,8.7425,1.58,126.43
NEXO KNIGHTS,train,current_value_used_eur,104,104,0.0,5.689326923076924,2.3475,2.995,5.2325,0.82,61.63
NEXO KNIGHTS,val,year,22,22,0.0,2016.6818181818182,2016.0,2017.0,2017.0,2016.0,2018.0
NEXO KNIGHTS,val,year_released,22,22,0.0,2016.6818181818182,2016.0,2017.0,2017.0,2016.0,2018.0
NEXO KNIGHTS,val,current_value_new_eur,22,22,0.0,6.652727272727273,2.6950000000000003,3.96,6.0175,1.69,54.56
NEXO KNIGHTS,val,current_value_used_eur,22,22,0.0,3.73,1.8924999999999998,2.645,3.39,1.12,24.59
NEXO KNIGHTS,test,year,23,23,0.0,2016.7391304347825,2016.0,2017.0,2017.0,2016.0,2018.0
NEXO KNIGHTS,test,year_released,23,23,0.0,2016.7391304347825,2016.0,2017.0,2017.0,2016.0,2018.0
NEXO KNIGHTS,test,current_value_new_eur,23,23,0.0,6.745217391304347,3.0549999999999997,5.02,7.25,1.96,25.57
NEXO KNIGHTS,test,current_value_used_eur,23,23,0.0,4.369130434782608,2.05,2.71,3.96,1.68,25.23
NINJAGO,train,year,660,660,0.0,2019.5030303030303,2016.0,2020.0,2023.0,2011.0,2026.0
NINJAGO,train,year_released,660,660,0.0,2019.5030303030303,2016.0,2020.0,2023.0,2011.0,2026.0
NINJAGO,train,current_value_new_eur,660,660,0.0,10.303575757575757,3.7249999999999996,5.805,10.365,1.27,168.61
NINJAGO,train,current_value_used_eur,660,618,0.06363636363636363,6.30663430420712,2.4175,3.465,5.96,0.98,86.02
NINJAGO,val,year,141,141,0.0,2019.241134751773,2016.0,2020.0,2022.0,2011.0,2026.0
NINJAGO,val,year_released,141,141,0.0,2019.241134751773,2016.0,2020.0,2022.0,2011.0,2026.0
NINJAGO,val,current_value_new_eur,141,141,0.0,10.875744680851064,3.19,5.23,10.93,2.23,82.19
NINJAGO,val,current_value_used_eur,141,134,0.04964539007092199,7.25365671641791,2.365,3.29,6.2375,1.26,96.54
NINJAGO,test,year,143,143,0.0,2019.1328671328672,2015.0,2019.0,2023.0,2011.0,2026.0
NINJAGO,test,year_released,143,143,0.0,2019.1328671328672,2015.0,2019.0,2023.0,2011.0,2026.0
NINJAGO,test,current_value_new_eur,143,143,0.0,13.303636363636365,4.085,6.66,13.905,2.05,293.0
NINJAGO,test,current_value_used_eur,143,133,0.06993006993006994,8.650451127819549,2.63,4.0,7.51,1.38,302.33
Other,train,year,1798,1798,0.0,2010.9783092324806,2005.0,2014.0,2019.0,1975.0,2026.0
Other,train,year_released,1798,1798,0.0,2010.9783092324806,2005.0,2014.0,2019.0,1975.0,2026.0
Other,train,current_value_new_eur,1798,1692,0.058954393770856504,11.440916075650117,3.24,6.145,11.737499999999999,0.21,842.88
Other,train,current_value_used_eur,1798,1724,0.041156840934371525,6.865759860788863,1.91,3.5199999999999996,7.117500000000001,0.05,428.97
Other,val,year,385,385,0.0,2010.7532467532467,2005.0,2012.0,2018.0,1975.0,2026.0
Other,val,year_released,385,385,0.0,2010.7532467532467,2005.0,2012.0,2018.0,1975.0,2026.0
Other,val,current_value_new_eur,385,360,0.06493506493506493,13.42147222222222,3.275,6.24,11.792499999999999,0.03,996.92
Other,val,current_value_used_eur,385,371,0.03636363636363636,6.871185983827494,2.01,3.6,6.915,0.17,171.5
Other,test,year,387,387,0.0,2009.780361757106,2002.0,2011.0,2019.0,1975.0,2026.0
Other,test,year_released,387,387,0.0,2009.780361757106,2002.0,2011.0,2019.0,1975.0,2026.0
Other,test,current_value_new_eur,387,356,0.08010335917312661,11.550786516853933,2.915,5.83,12.5575,0.09,162.32
Other,test,current_value_used_eur,387,374,0.03359173126614987,7.429518716577539,1.8050000000000002,3.205,6.9399999999999995,0.19,159.12
Pirates,train,year,138,138,0.0,2005.376811594203,1995.0,2009.0,2015.0,1989.0,2023.0
Pirates,train,year_released,138,138,0.0,2005.376811594203,1995.0,2009.0,2015.0,1989.0,2023.0
Pirates,train,current_value_new_eur,138,138,0.0,10.82659420289855,4.7075,7.655,12.059999999999999,2.32,65.21
Pirates,train,current_value_used_eur,138,138,0.0,6.343913043478262,2.84,4.305,7.255,1.98,32.53
Pirates,val,year,29,29,0.0,2004.103448275862,1994.0,2009.0,2009.0,1989.0,2023.0
Pirates,val,year_released,29,29,0.0,2004.103448275862,1994.0,2009.0,2009.0,1989.0,2023.0
Pirates,val,current_value_new_eur,29,29,0.0,10.05655172413793,4.55,7.43,10.11,2.56,63.22
Pirates,val,current_value_used_eur,29,29,0.0,6.101034482758621,2.84,3.86,5.08,2.05,32.97
Pirates,test,year,31,31,0.0,2004.4516129032259,1995.5,2009.0,2009.0,1989.0,2023.0
Pirates,test,year_released,31,31,0.0,2004.4516129032259,1995.5,2009.0,2009.0,1989.0,2023.0
Pirates,test,current_value_new_eur,31,30,0.03225806451612903,13.000333333333334,5.665,10.18,13.2925,1.54,61.69
Pirates,test,current_value_used_eur,31,31,0.0,6.129677419354839,3.325,5.23,6.46,2.35,30.85
SPEED CHAMPIONS,train,year,100,100,0.0,2019.68,2016.0,2019.0,2023.25,2015.0,2026.0
SPEED CHAMPIONS,train,year_released,100,100,0.0,2019.68,2016.0,2019.0,2023.25,2015.0,2026.0
SPEED CHAMPIONS,train,current_value_new_eur,100,100,0.0,4.1535,2.325,3.38,5.05,1.47,19.52
SPEED CHAMPIONS,train,current_value_used_eur,100,95,0.05,2.650315789473684,1.6400000000000001,2.14,2.92,1.28,14.89
SPEED CHAMPIONS,val,year,21,21,0.0,2019.5238095238096,2017.0,2018.0,2023.0,2015.0,2026.0
SPEED CHAMPIONS,val,year_released,21,21,0.0,2019.5238095238096,2017.0,2018.0,2023.0,2015.0,2026.0
SPEED CHAMPIONS,val,current_value_new_eur,21,21,0.0,4.503809523809524,2.78,3.84,5.15,1.72,13.12
SPEED CHAMPIONS,val,current_value_used_eur,21,20,0.047619047619047616,2.3615,1.7425000000000002,2.175,2.3475,1.33,6.27
SPEED CHAMPIONS,test,year,22,22,0.0,2020.5454545454545,2018.25,2020.5,2023.0,2016.0,2025.0
SPEED CHAMPIONS,test,year_released,22,22,0.0,2020.5454545454545,2018.25,2020.5,2023.0,2016.0,2025.0
SPEED CHAMPIONS,test,current_value_new_eur,22,22,0.0,4.042727272727273,2.2725,2.6500000000000004,3.6425,1.73,19.71
SPEED CHAMPIONS,test,current_value_used_eur,22,22,0.0,2.567272727272727,1.695,1.8900000000000001,2.17,1.1,12.26
Space,train,year,146,146,0.0,2004.4041095890411,1997.0,2008.0,2011.0,1978.0,2025.0
Space,train,year_released,146,146,0.0,2004.4041095890411,1997.0,2008.0,2011.0,1978.0,2025.0
Space,train,current_value_new_eur,146,143,0.02054794520547945,11.568811188811189,4.635,7.61,13.620000000000001,1.53,60.27
Space,train,current_value_used_eur,146,143,0.02054794520547945,6.337762237762237,2.48,4.37,6.795,0.98,45.44
Space,val,year,31,31,0.0,1999.258064516129,1988.5,1998.0,2009.0,1979.0,2012.0
Space,val,year_released,31,31,0.0,1999.258064516129,1988.5,1998.0,2009.0,1979.0,2012.0
Space,val,current_value_new_eur,31,29,0.06451612903225806,13.45758620689655,4.21,6.73,19.63,2.6,68.25
Space,val,current_value_used_eur,31,31,0.0,6.692903225806451,2.505,3.54,7.095,1.12,28.87
Space,test,year,32,32,0.0,2000.84375,1992.75,2000.0,2009.0,1978.0,2024.0
Space,test,year_released,32,32,0.0,2000.84375,1992.75,2000.0,2009.0,1978.0,2024.0
Space,test,current_value_new_eur,32,32,0.0,16.0790625,5.2225,12.02,16.305,3.03,100.67
Space,test,current_value_used_eur,32,31,0.03125,6.086129032258064,2.77,4.39,6.035,1.49,30.93
Sports,train,year,176,176,0.0,2003.965909090909,2002.0,2003.0,2003.0,1982.0,2023.0
Sports,train,year_released,176,176,0.0,2003.965909090909,2002.0,2003.0,2003.0,1982.0,2023.0
Sports,train,current_value_new_eur,176,161,0.08522727272727272,6.591987577639752,2.16,3.78,8.43,0.84,91.86
Sports,train,current_value_used_eur,176,168,0.045454545454545456,4.001011904761905,1.3,1.95,4.8125,0.01,70.19
Sports,val,year,37,37,0.0,2003.918918918919,2000.0,2003.0,2004.0,1979.0,2023.0
Sports,val,year_released,37,37,0.0,2003.918918918919,2000.0,2003.0,2004.0,1979.0,2023.0
Sports,val,current_value_new_eur,37,32,0.13513513513513514,5.7321875,1.8825,3.355,7.1825,0.79,30.71
Sports,val,current_value_used_eur,37,37,0.0,3.6986486486486485,1.32,1.9,4.35,0.86,18.5
Sports,test,year,39,39,0.0,2002.6923076923076,2002.0,2002.0,2003.0,1998.0,2023.0
Sports,test,year_released,39,39,0.0,2002.6923076923076,2002.0,2002.0,2003.0,1998.0,2023.0
Sports,test,current_value_new_eur,39,32,0.1794871794871795,7.7253125,1.7975,2.715,9.094999999999999,1.14,38.74
Sports,test,current_value_used_eur,39,39,0.0,4.518205128205128,1.335,1.9,6.075,0.1,32.97
Star Wars,train,year,1047,1047,0.0,2015.2034383954156,2011.0,2016.0,2020.0,1999.0,2026.0
Star Wars,train,year_released,1047,1047,0.0,2015.2034383954156,2011.0,2016.0,2020.0,1999.0,2026.0
Star Wars,train,current_value_new_eur,1047,1047,0.0,26.775148042024835,6.36,10.64,20.83,0.75,1945.26
Star Wars,train,current_value_used_eur,1047,1045,0.0019102196752626551,19.023617224880383,4.31,7.29,15.4,0.07,1195.87
Star Wars,val,year,224,224,0.0,2015.6919642857142,2012.0,2016.0,2021.25,1999.0,2026.0
Star Wars,val,year_released,224,224,0.0,2015.6919642857142,2012.0,2016.0,2021.25,1999.0,2026.0
Star Wars,val,current_value_new_eur,224,224,0.0,19.65125,5.87,10.08,17.27,0.78,384.53
Star Wars,val,current_value_used_eur,224,223,0.004464285714285714,14.794170403587444,4.095,6.66,11.99,0.43,278.41
Star Wars,test,year,225,225,0.0,2014.9288888888889,2011.0,2016.0,2019.0,1999.0,2026.0
Star Wars,test,year_released,225,225,0.0,2014.9288888888889,2011.0,2016.0,2019.0,1999.0,2026.0
Star Wars,test,current_value_new_eur,225,225,0.0,19.48488888888889,5.83,11.03,21.65,1.14,190.37
Star Wars,test,current_value_used_eur,225,224,0.0044444444444444444,13.838392857142859,4.2825,7.305,15.2125,1.34,170.9
Super Heroes,train,year,777,777,0.0,2018.970398970399,2016.0,2019.0,2022.0,2011.0,2026.0
Super Heroes,train,year_released,777,777,0.0,2018.970398970399,2016.0,2019.0,2022.0,2011.0,2026.0
Super Heroes,train,current_value_new_eur,777,766,0.014157014157014158,27.17300261096606,4.72,7.515000000000001,14.885,0.57,6133.01
Super Heroes,train,current_value_used_eur,777,738,0.05019305019305019,12.864593495934958,3.14,5.265,10.3325,0.63,2191.5
Super Heroes,val,year,166,166,0.0,2019.4277108433735,2016.25,2019.0,2023.0,2011.0,2026.0
Super Heroes,val,year_released,166,166,0.0,2019.4277108433735,2016.25,2019.0,2023.0,2011.0,2026.0
Super Heroes,val,current_value_new_eur,166,166,0.0,18.64975903614458,5.39,7.845000000000001,13.0275,2.12,644.81
Super Heroes,val,current_value_used_eur,166,158,0.04819277108433735,8.486645569620254,3.4299999999999997,5.43,8.8825,1.36,60.89
Super Heroes,test,year,167,167,0.0,2018.9101796407185,2016.0,2019.0,2022.0,2012.0,2026.0
Super Heroes,test,year_released,167,167,0.0,2018.9101796407185,2016.0,2019.0,2022.0,2012.0,2026.0
Super Heroes,test,current_value_new_eur,167,165,0.011976047904191617,14.005878787878787,4.96,7.81,15.33,1.62,167.83
Super Heroes,test,current_value_used_eur,167,161,0.03592814371257485,9.768260869565218,3.24,5.18,10.88,1.38,128.17
Super Mario,train,year,160,160,0.0,2022.28125,2021.0,2022.0,2024.0,2020.0,2025.0
Super Mario,train,year_released,160,160,0.0,2022.28125,2021.0,2022.0,2024.0,2020.0,2025.0
Super Mario,train,current_value_new_eur,160,154,0.0375,5.828896103896104,2.9825,4.355,6.9725,0.88,63.21
Super Mario,train,current_value_used_eur,160,124,0.225,4.327258064516129,2.1675,3.285,5.3125,0.42,17.93
Super Mario,val,year,34,34,0.0,2021.7941176470588,2021.0,2022.0,2023.0,2020.0,2025.0
Super Mario,val,year_released,34,34,0.0,2021.7941176470588,2021.0,2022.0,2023.0,2020.0,2025.0
Super Mario,val,current_value_new_eur,34,34,0.0,5.768529411764706,2.605,4.385,8.25,1.18,18.67
Super Mario,val,current_value_used_eur,34,30,0.11764705882352941,4.135,2.055,2.895,4.67,1.12,13.69
Super Mario,test,year,35,35,0.0,2022.142857142857,2021.5,2022.0,2023.0,2020.0,2025.0
Super Mario,test,year_released,35,35,0.0,2022.142857142857,2021.5,2022.0,2023.0,2020.0,2025.0
Super Mario,test,current_value_new_eur,35,34,0.02857142857142857,6.292647058823529,2.59,4.575,7.6375,0.75,21.34
Super Mario,test,current_value_used_eur,35,30,0.14285714285714285,5.078,2.55,3.485,5.45,1.1,16.86
The Hobbit and The Lord of the Rings,train,year,106,106,0.0,2016.0849056603774,2012.0,2013.0,2023.0,2012.0,2025.0
The Hobbit and The Lord of the Rings,train,year_released,106,106,0.0,2016.0849056603774,2012.0,2013.0,2023.0,2012.0,2025.0
The Hobbit and The Lord of the Rings,train,current_value_new_eur,106,106,0.0,31.08179245283019,13.77,21.994999999999997,39.0825,3.73,272.24
The Hobbit and The Lord of the Rings,train,current_value_used_eur,106,105,0.009433962264150943,22.170761904761903,10.6,16.11,26.06,2.93,187.0
The Hobbit and The Lord of the Rings,val,year,22,22,0.0,2014.590909090909,2012.0,2013.0,2013.75,2012.0,2024.0
The Hobbit and The Lord of the Rings,val,year_released,22,22,0.0,2014.590909090909,2012.0,2013.0,2013.75,2012.0,2024.0
The Hobbit and The Lord of the Rings,val,current_value_new_eur,22,22,0.0,39.000454545454545,16.725,22.395,52.81999999999999,4.1,186.77
The Hobbit and The Lord of the Rings,val,current_value_used_eur,22,22,0.0,29.419545454545457,12.245,14.22,35.427499999999995,3.73,169.59
The Hobbit and The Lord of the Rings,test,year,24,24,0.0,2015.4166666666667,2012.0,2013.0,2016.25,2012.0,2025.0
The Hobbit and The Lord of the Rings,test,year_released,24,24,0.0,2015.4166666666667,2012.0,2013.0,2016.25,2012.0,2025.0
The Hobbit and The Lord of the Rings,test,current_value_new_eur,24,24,0.0,25.78708333333333,13.7775,16.565,29.615000000000002,4.3,100.94
The Hobbit and The Lord of the Rings,test,current_value_used_eur,24,24,0.0,16.823333333333334,8.9725,14.129999999999999,17.265,3.3,64.4
Town,train,year,2465,2465,0.0,2010.2920892494928,2000.0,2014.0,2020.0,1978.0,2026.0
Town,train,year_released,2465,2465,0.0,2010.2920892494928,2000.0,2014.0,2020.0,1978.0,2026.0
Town,train,current_value_new_eur,2465,2391,0.03002028397565923,3.7795106649937265,1.85,2.52,3.92,0.0,143.29
Town,train,current_value_used_eur,2465,2379,0.03488843813387424,1.8844052122740647,1.21,1.49,1.97,0.21,36.35
Town,val,year,528,528,0.0,2011.409090909091,2005.75,2015.0,2021.0,1978.0,2026.0
Town,val,year_released,528,528,0.0,2011.409090909091,2005.75,2015.0,2021.0,1978.0,2026.0
Town,val,current_value_new_eur,528,513,0.028409090909090908,3.6301559454191032,1.82,2.41,3.46,0.85,74.17
Town,val,current_value_used_eur,528,513,0.028409090909090908,1.7210136452241716,1.15,1.48,1.9,0.51,18.06
Town,test,year,529,529,0.0,2010.0907372400757,2000.0,2014.0,2020.0,1978.0,2026.0
Town,test,year_released,529,529,0.0,2010.0907372400757,2000.0,2014.0,2020.0,1978.0,2026.0
Town,test,current_value_new_eur,529,512,0.03213610586011342,4.09986328125,1.9,2.52,4.495,0.24,58.42
Town,test,current_value_used_eur,529,510,0.035916824196597356,1.9730392156862746,1.22,1.53,2.0375,0.3,35.41
